word,definition
eat,to put food in your mouth and swallow it
drink,to take a liquid into your mouth and swallow it
go,to move from one place to another
buy,to get something by paying money
read,to look at words and understand them
cook,to prepare food by heating it
play,to do something for fun
walk,to move on foot
sleep,to rest with your eyes closed
open,to move a door or lid so things can go in or out
help,to make something easier for someone
give,to hand something to someone
bring,to carry something to a place
share,to let someone else have part of something
meet,to see and talk to someone for the first time or by plan
wait,to stay until something happens
wash,to clean with water
call,to phone someone or to say a name loudly
write,to put words on paper
find,to discover something you were looking for
market,a place where people buy and sell food
school,a place where children learn
rain,water that falls from the sky
dog,an animal people keep as a pet
cat,a small animal people keep as a pet
bus,a large vehicle that carries many people
train,a long vehicle that runs on rails
park,an open green place in a town
garden,a place where plants and flowers grow
kitchen,the room where food is cooked
door,something you open to enter a room
key,a small metal tool that opens a lock
gift,something you give to a person
party,an event where people meet to celebrate
morning,the early part of the day
evening,the end of the day
milk,a white drink from cows
fruit,sweet food that grows on trees or plants
soup,a hot liquid food
shop,a place where you buy things
big,large in size
small,not large
happy,feeling good
hungry,wanting to eat
tired,needing to rest
hot,very warm
cold,not warm
new,not old
old,having lived or existed for a long time
good,of a high quality
